text,department,priority,emergency_score
Illegal dumping of medical waste behind the private clinic at Pampady.,cleaning department,Emergency,9.5
Carcass of a large animal dumped near the Kothala Chira water source.,cleaning department,Emergency,9.6
Septic tank waste being illegally discharged into the public drain.,cleaning department,Emergency,9.8
Piped water supply contaminated by a broken sewer line nearby.,cleaning department,Emergency,10.0
Toxic chemical containers found leaking near the primary school.,cleaning department,Emergency,9.7
Hospital waste containing used syringes found in the market area.,cleaning department,Emergency,9.4
Massive drainage backflow entering the hospital emergency ward.,cleaning department,Emergency,10.0
Illegal discharge of industrial acid into the irrigation canal.,cleaning department,Emergency,9.3
Dead animal found inside the open municipal drinking well.,cleaning department,Emergency,9.9
Illegal medical waste transport vehicle leaking fluid in the market.,cleaning department,Emergency,9.3
Discovery of hazardous e-waste batteries in a burning pit near homes.,cleaning department,Emergency,9.1
Massive drainage blockage causing raw sewage to enter households.,cleaning department,Emergency,9.8
Discovery of expired toxic pesticides dumped near the reservoir.,cleaning department,Emergency,9.6
Hospital laundry waste being dumped directly into the local river.,cleaning department,Emergency,9.5
Discovery of used biomedical needles in the children park sandbox.,cleaning department,Emergency,9.7
Septic tank overflow at the crowded temple festival ground.,cleaning department,Emergency,9.4
Illegal slaughterhouse waste dumping causing immediate cholera risk.,cleaning department,Emergency,9.9
Discovery of industrial paint sludge leaking into the paddy field.,cleaning department,Emergency,9.2
Major oil spill from a waste transport truck on the highway.,cleaning department,Emergency,9.5
Infectious waste from a veterinary clinic dumped in the open.,cleaning department,Emergency,9.4
Sewer line burst causing hazardous waste to flood the street.,cleaning department,Emergency,9.7
Toxic fumes from a chemical waste fire at the roadside dump.,cleaning department,Emergency,9.8
Poisonous waste dumped near the village primary health center.,cleaning department,Emergency,9.6
Leaking septic waste truck parked near the village school gate.,cleaning department,Emergency,9.2
Discovery of a massive pile of expired drugs in the public well.,cleaning department,Emergency,9.9
Illegal dumping of battery acid into the roadside rainwater drain.,cleaning department,Emergency,9.3
Sewerage backflow in the ground floor of the public library.,cleaning department,Emergency,9.1
Discovery of human waste bags near the public drinking fountain.,cleaning department,Emergency,9.5
Industrial solvent smell coming from the neighborhood drain.,cleaning department,Emergency,9.4
Waste from a pathology lab found scattered on the village path.,cleaning department,Emergency,9.7
Leaking chemical barrels abandoned in the rubber plantation.,cleaning department,Emergency,9.2
Discovery of used bandages and blood-stained waste in the park.,cleaning department,Emergency,9.6
Sewage water entering the domestic well of the senior citizen.,cleaning department,Emergency,9.8
Illegal transport of septage dumping waste into the hill stream.,cleaning department,Emergency,9.5
Massive accumulation of rotten meat causing a public health crisis.,cleaning department,Emergency,9.4
Toxic liquid leaking from an unidentified waste drum in the lane.,cleaning department,Emergency,9.3
Discovery of sharp medical metal waste in the school playground.,cleaning department,Emergency,9.7
Industrial effluents turning the canal water red and odorous.,cleaning department,Emergency,9.6
Septic waste leaking into the basement of the apartment block.,cleaning department,Emergency,9.1
Discovery of heavy metal waste dumped in the village pond.,cleaning department,Emergency,9.2
Broken sewer pipe spraying waste onto the nearby residential wall.,cleaning department,Emergency,9.5
Expired toxic chemicals from a lab dumped in the waste bin.,cleaning department,Emergency,9.4
Massive sewage leak near the central market food stalls.,cleaning department,Emergency,9.8
Discovery of used IV sets and medicine bottles in the stream.,cleaning department,Emergency,9.6
Illegal dumping of tannery waste causing severe toxic stench.,cleaning department,Emergency,9.7
Sewage water flooding the main entry road to the local clinic.,cleaning department,Emergency,9.3
Discovery of old gas cylinders leaking in the waste yard.,cleaning department,Emergency,9.5
Toxic waste from a battery shop dumped near the playground.,cleaning department,Emergency,9.2
Sewerage overflow entering the kitchen of the community hall.,cleaning department,Emergency,9.4
Illegal dumping of laboratory chemicals near the water kiosk.,cleaning department,Emergency,9.6
Open burning of plastic waste by a neighbor causing thick smoke.,cleaning department,High,0
Illegal dumping of poultry waste on the side of NH 183.,cleaning department,High,0
Drainage canal blocked with garbage causing water stagnation.,cleaning department,High,0
Large volume of construction debris dumped on the public road.,cleaning department,High,0
Industrial effluents being released into the local stream.,cleaning department,High,0
Slaughterhouse waste smell making the area uninhabitable.,cleaning department,High,0
Request for urgent mosquito fogging due to dengue outbreak.,cleaning department,High,0
Septic tank leakage visible on the outer wall of the house.,cleaning department,High,0
Broken glass and sharp metal waste dumped near the school.,cleaning department,High,0
Illegal use of thin plastic carry bags in the village market.,cleaning department,High,0
Chicken feathers and waste found in the public drainage pipes.,cleaning department,High,0
Old tires collected in a yard and filled with rainwater.,cleaning department,High,0
Waste from the wedding hall being burned in the open yard.,cleaning department,High,0
Haritha Karma Sena members working without any safety gear.,cleaning department,High,0
Waste water from a local eatery being directed into the road.,cleaning department,High,0
Large dump of rotten fish waste causing unbearable stench.,cleaning department,High,0
Request for disinfection of the area after a hepatitis case.,cleaning department,High,0
Illegal dumping of lead-acid batteries near the rubber field.,cleaning department,High,0
Accumulation of waste at the railway station rail tracks.,cleaning department,High,0
Garbage being burned in the public park every single evening.,cleaning department,High,0
Open drainage is a breeding ground for flies near food shops.,cleaning department,High,0
Request for cleaning overgrown weeds on the village sidewalk.,cleaning department,High,0
Neighborhood drain clogged with hair waste from a local salon.,cleaning department,High,0
Request for removal of a dead dog from the NH 183 road edge.,cleaning department,High,0
Accumulated waste on the rail tracks near the station area.,cleaning department,High,0
Garbage being dumped under the village bridge during night.,cleaning department,High,0
Waste from a poultry farm attracting too many flies to homes.,cleaning department,High,0
Illegal dumping of batteries and electronic waste in the park.,cleaning department,High,0
Drainage water entering the domestic well after heavy rain.,cleaning department,High,0
Neighborhood drain full of plastic bottles needs urgent cleaning.,cleaning department,High,0
Complaint about illegal sale of hazardous chemical cleaners.,cleaning department,High,0
Neighborhood drain breeding mosquitoes and needs oiling.,cleaning department,High,0
Neighborhood drain overflowing with soapy water from car wash.,cleaning department,High,0
Neighborhood drain blocked with construction sand and grit.,cleaning department,High,0
Neighborhood park used for illegal waste dumping at night.,cleaning department,High,0
Neighborhood drain leaking into a resident's crawl space.,cleaning department,High,0
Neighborhood drain full of oil from a roadside food eatery.,cleaning department,High,0
Neighborhood drain full of waste from a poultry shop area.,cleaning department,High,0
Discovery of dead animals in the public garbage collection point.,cleaning department,High,0
Burning of rubber waste in the neighbor's compound at night.,cleaning department,High,0
Septic tank overflow from the community hall during an event.,cleaning department,High,0
Large pile of uncollected garbage near the primary health center.,cleaning department,High,0
Discovery of a clogged culvert causing road surface erosion.,cleaning department,High,0
Illegal dumping of glass bottles in the community playground.,cleaning department,High,0
Waste from a fish market being dumped in the open drain.,cleaning department,High,0
Large volume of plastic waste accumulated in the village canal.,cleaning department,High,0
Request for removal of a large hornet's nest near the park.,cleaning department,High,0
Waste from a carpentry shop being burned in a residential area.,cleaning department,High,0
Sewerage manhole cover missing on a dark pedestrian street.,cleaning department,High,0
Large volume of yard waste blocking the village drainage outlet.,cleaning department,High,0
Household waste not collected for the last three cycles.,cleaning department,Medium,0
Stray dog menace near the village park; needs monitoring.,cleaning department,Medium,0
Foul smell from a public toilet that requires better cleaning.,cleaning department,Medium,0
Accumulation of plastic bottles in the village pond area.,cleaning department,Medium,0
Neighborhood kids seen playing near an untidy waste dump.,cleaning department,Medium,0
Haritha Karma Sena skipped the inner lane collection again.,cleaning department,Medium,0
Request for removal of old rusted metal bins from the street.,cleaning department,Medium,0
Waste bins overflowing at the Kandam Bazar bus stop junction.,cleaning department,Medium,0
Mosquito breeding in small water puddles on a vacant plot.,cleaning department,Medium,0
Littering around the high-mast light at the village junction.,cleaning department,Medium,0
Pigeon droppings causing unhygienic conditions in the library.,cleaning department,Medium,0
Garbage collector refusing to take properly segregated waste.,cleaning department,Medium,0
Public urinal leaking and causing filth on the pedestrian path.,cleaning department,Medium,0
Waste being thrown into the local stream near the temple ghat.,cleaning department,Medium,0
Heavy littering after the local temple festival at Kothala.,cleaning department,Medium,0
Request for cleaning the water storage tank at the health center.,cleaning department,Medium,0
Complaint about a neighbor keeping poultry in unhygienic state.,cleaning department,Medium,0
Garbage transported in an open truck littering the highway.,cleaning department,Medium,0
Waste from a fish stall causing stench in the neighborhood.,cleaning department,Medium,0
Drainage water is stagnant and smells like rotten eggs here.,cleaning department,Medium,0
Neighborhood drain full of plastic bottles needs cleaning.,cleaning department,Medium,0
Request for removal of a fallen coconut tree from the canal.,cleaning department,Medium,0
Sewage smell coming from the basement area of a village shop.,cleaning department,Medium,0
Request for vaccination drive for stray dogs in the village.,cleaning department,Medium,0
Request for removal of waste from a public event ground.,cleaning department,Medium,0
Garbage dumped in the local village playground during night.,cleaning department,Medium,0
Neighborhood drain full of food waste from a community event.,cleaning department,Medium,0
Neighborhood drain full of waste from a tailor shop area.,cleaning department,Medium,0
Request for more waste bins near the village hall entrance.,cleaning department,Medium,0
Neighborhood drain full of waste from a local flower shop.,cleaning department,Medium,0
Broken garbage bins left on the side of the village road.,cleaning department,Medium,0
Littering around the village bus waiting shed at the junction.,cleaning department,Medium,0
Stray dogs are tearing open the garbage bags during the night.,cleaning department,Medium,0
Request for more frequent waste collection in the market area.,cleaning department,Medium,0
Foul odor from the community compost unit is spreading.,cleaning department,Medium,0
Request for the removal of the large beehive in the ward.,cleaning department,Medium,0
Request for special cleanup of the village cemetery area.,cleaning department,Medium,0
Neighborhood park is full of litter after the local fair.,cleaning department,Medium,0
Garbage collector is irregular and doesn't follow schedule.,cleaning department,Medium,0
Haritha Karma Sena members not wearing masks while working.,cleaning department,Medium,0
Waste collection vehicle is leaking liquid onto the street.,cleaning department,Medium,0
Waste bin near the bus stop has no cover and attracts birds.,cleaning department,Medium,0
Request for cleaning the historical village pond surface.,cleaning department,Medium,0
Littering around the village drinking water kiosk area.,cleaning department,Medium,0
Complaint about the noise from the waste processing unit.,cleaning department,Medium,0
Request for special drive to clean the market drains.,cleaning department,Medium,0
Waste from the local meat shop attracting too many crows.,cleaning department,Medium,0
Neighborhood drain breeding many flies during the daytime.,cleaning department,Medium,0
Waste bins at the railway station are always overflowing.,cleaning department,Medium,0
Household hazardous waste found in the general waste bin.,cleaning department,Medium,0
Request for a new waste collection bin at the town square.,cleaning department,Low,0
Inquiry about the schedule for Haritha Karma Sena in Ward 4.,cleaning department,Low,0
Request for information on domestic composting subsidies.,cleaning department,Low,0
Complaint about the late arrival of the waste collection truck.,cleaning department,Low,0
Request for extra waste bins during the village temple fair.,cleaning department,Low,0
Query regarding the user fee for non-biodegradable waste.,cleaning department,Low,0
Request for a plastic waste segregation awareness class.,cleaning department,Low,0
Complaint about a minor littering issue in the library yard.,cleaning department,Low,0
Request for the removal of a small pile of dry leaves.,cleaning department,Low,0
Inquiry about the location of the Resource Recovery Facility.,cleaning department,Low,0
Request for BPL verification for the water tariff concession.,cleaning department,Low,0
Inquiry about the "Malinya Muktham Nava Keralam" mission.,cleaning department,Low,0
Request for a new garbage bin near the village post office.,cleaning department,Low,0
Query on how to dispose of old furniture and wooden waste.,cleaning department,Low,0
Request for training on the Haritha Mithram mobile application.,cleaning department,Low,0
Complaint about receiving a waste collection bill with a typo.,cleaning department,Low,0
Request for more awareness posters on waste segregation rules.,cleaning department,Low,0
Inquiry about the status of the new waste-to-energy project.,cleaning department,Low,0
Request for cleaning around the public drinking fountain area.,cleaning department,Low,0
Query on the rules for domestic biogas plant installation.,cleaning department,Low,0
Request for information on the plastic waste recycling unit.,cleaning department,Low,0
Request for a workshop on waste management for shopkeepers.,cleaning department,Low,0
Request for information on domestic biogas plant subsidies.,cleaning department,Low,0
Complaint about lack of waste bins in the village library.,cleaning department,Low,0
Request for more info on Haritha Karma Sena services today.,cleaning department,Low,0
Request for more awareness posters on waste segregation rules.,cleaning department,Low,0
Request for information on the plastic ban rules in the village.,cleaning department,Low,0
Request for cleaning under the public seating area in the park.,cleaning department,Low,0
Request for removal of a dead lizard from a village shop.,cleaning department,Low,0
Inquiry about the nearest e-waste collection center location.,cleaning department,Low,0
Request for a brochure on home-based waste treatment methods.,cleaning department,Low,0
Query about the timing of the Haritha Karma Sena visit today.,cleaning department,Low,0
Request for a new waste bin cover for the household bin.,cleaning department,Low,0
Inquiry about the penalty for not segregating plastic waste.,cleaning department,Low,0
Request for information on the community composting program.,cleaning department,Low,0
Complaint about a minor spelling error in the waste tax receipt.,cleaning department,Low,0
Request for a demonstration of the kitchen waste bio-bin.,cleaning department,Low,0
Inquiry about the collection of old clothes for recycling.,cleaning department,Low,0
Request for a list of authorized scrap dealers in the ward.,cleaning department,Low,0
Query about the holiday schedule for waste collection workers.,cleaning department,Low,0
Request for more signage in the park about 'No Littering'.,cleaning department,Low,0
Inquiry about the subsidy for purchasing a domestic shredder.,cleaning department,Low,0
Request for a copy of the new waste management bylaws.,cleaning department,Low,0
Complaint about the waste collector not ringing the bell.,cleaning department,Low,0
Request for a new identification card for the Sena worker.,cleaning department,Low,0
Inquiry about the status of the ward's sanitation ranking.,cleaning department,Low,0
Request for a map of the public waste bins in the village.,cleaning department,Low,0
Query about the process for reporting illegal waste dumping.,cleaning department,Low,0
Request for a feedback form for the waste collection service.,cleaning department,Low,0
Inquiry about the "Filament Free Kerala" bulb disposal bins.,cleaning department,Low,0
High tension wire snapped and lying across NH 183 highway.,electricity department,Emergency,10.0
Electrical transformer sparking and smoking near a hospital.,electricity department,Emergency,9.8
Power outage in the primary health center cold storage room.,electricity department,Emergency,9.6
Live wire hanging near the primary school playground gate.,electricity department,Emergency,10.0
Short circuit causing fire in the KSEB junction box in market.,electricity department,Emergency,9.4
Total power failure at the village water pumping station area.,electricity department,Emergency,9.5
Electrical panel in the apartment basement is heating up fast.,electricity department,Emergency,9.3
Arcing on 11kV lines during heavy rain and high wind storm.,electricity department,Emergency,9.1
Power outage at the local hospital during a major surgery.,electricity department,Emergency,10.0
Service wire snapped and fell into a domestic well yesterday.,electricity department,Emergency,9.9
Electrical pole leaning dangerously over a residential roof.,electricity department,Emergency,9.5
Loud explosion heard from the transformer at Kandam Bazar.,electricity department,Emergency,9.8
Sparking observed from an underground cable joint on path.,electricity department,Emergency,9.2
Stay wire touching the metal gate of a residential building.,electricity department,Emergency,9.4
Visible smoke from the rooftop KSEB service meter box area.,electricity department,Emergency,9.3
Snapped wire fell on a moving bus on the main NH 183 road.,electricity department,Emergency,9.9
Transformer fuse unit caught fire at the busy market junction.,electricity department,Emergency,9.7
Total blackout in the entire village during the mountain storm.,electricity department,Emergency,9.1
Live wire lying submerged in a rainwater puddle on the street.,electricity department,Emergency,10.0
Electrical wire insulation melting near the main connector.,electricity department,Emergency,9.5
Power outage affecting the oxygen plant at the local clinic.,electricity department,Emergency,10.0
Snapped line sparking onto the dry haystack near the house.,electricity department,Emergency,9.8
Electrical pole collapsed onto a parked car with people inside.,electricity department,Emergency,10.0
Loud buzzing and sparks from the main village transformer.,electricity department,Emergency,9.6
High tension wire touching the wet tree branches on the road.,electricity department,Emergency,9.4
Short circuit at the primary school's main electrical panel.,electricity department,Emergency,9.5
Power line falling into the flooded paddy field area today.,electricity department,Emergency,9.2
Electrical meter box exploded in the residential colony lane.,electricity department,Emergency,9.4
Stay wire snapped and the pole is shaking in the heavy wind.,electricity department,Emergency,9.3
Total power failure at the government office data center room.,electricity department,Emergency,9.1
Sparks from the transformer falling onto the petrol station.,electricity department,Emergency,10.0
Snapped service wire lying across the entrance of the temple.,electricity department,Emergency,9.2
Power outage in the infant care unit of the nursing home.,electricity department,Emergency,10.0
Electrical wire snapped and touching the iron fence of the park.,electricity department,Emergency,9.6
Smoke coming out of the underground electrical junction box.,electricity department,Emergency,9.4
Pole mounted transformer oil fire at the village junction.,electricity department,Emergency,9.9
Total blackout during the critical medical emergency at home.,electricity department,Emergency,9.7
Snapped high tension wire causing grass fire near the forest.,electricity department,Emergency,9.5
Electrical pole leaning over the high voltage railway line.,electricity department,Emergency,10.0
Short circuit in the neighborhood street light pole today.,electricity department,Emergency,9.2
Power outage in the fire station communication server room.,electricity department,Emergency,9.8
Snapped line lying on the metal roof of a residential shop.,electricity department,Emergency,9.6
Electrical sparks from the meter causing small fire in wall.,electricity department,Emergency,9.4
Transformer bushings are arching and making a loud crackling.,electricity department,Emergency,9.1
Total power failure in the whole ward during the flood event.,electricity department,Emergency,9.3
Snapped service wire sparking near the gas cylinder storage.,electricity department,Emergency,10.0
Pole mounted fuse unit smoking and melting near the school.,electricity department,Emergency,9.5
High tension line touching the village library's antenna pole.,electricity department,Emergency,9.4
Electrical transformer oil leaking and sparking onto ground.,electricity department,Emergency,9.2
Power outage in the vaccine storage unit of the health center.,electricity department,Emergency,10.0
Voltage fluctuations damaging household refrigerators daily.,electricity department,High,0
Electrical pole leaning dangerously towards the public road.,electricity department,High,0
Sparking observed at the service wire junction box today.,electricity department,High,0
Total power outage in the ward for more than 12 hours now.,electricity department,High,0
Underground cable damaged during road construction work here.,electricity department,High,0
Transformer oil leakage observed on the public footpath path.,electricity department,High,0
Phase-to-phase contact causing visible fire in overhead lines.,electricity department,High,0
Voltage drops to 140V making induction stoves unusable now.,electricity department,High,0
High tension line sagging dangerously over the rubber trees.,electricity department,High,0
Electrical pole blocking the entry of fire tenders at junction.,electricity department,High,0
Tree branches touching the main lines causing frequent trips.,electricity department,High,0
No power in the irrigation pump house affecting local farmers.,electricity department,High,0
Voltage spike destroyed a TV and computer at my village home.,electricity department,High,0
Main switch at the substation is defective and sparking now.,electricity department,High,0
Phase wire vibrating excessively near the village substation.,electricity department,High,0
Incorrect penalty added to the bill for late payment error.,electricity department,High,0
Cable joint on the street pole melting and smelling bad.,electricity department,High,0
Power restored but the voltage is extremely high and risky.,electricity department,High,0
Sparking at the overhead line insulator near the high school.,electricity department,High,0
Transformer fuse blowing repeatedly every single day this week.,electricity department,High,0
KSEB worker left the pole-top fuse box open in the rain today.,electricity department,High,0
High tension line is sagging too close to the new house roof.,electricity department,High,0
Electrical wire insulation melting near the main connector.,electricity department,High,0
Stay wire is touching the metal gate of the residential home.,electricity department,High,0
Frequency of power cuts is more than 10 times in a single day.,electricity department,High,0
Electrical pole is shaking when heavy vehicles pass near it.,electricity department,High,0
Phase wire insulation is completely peeled off in three spots.,electricity department,High,0
Street light pole is rusted at the base and might fall down.,electricity department,High,0
Incorrect electricity bill received; meter reading is wrong.,electricity department,High,0
Frequent voltage drops causing the UPS to beep constantly now.,electricity department,High,0
Electrical wire is touching the metal signboard of the shop.,electricity department,High,0
Transformer bushings are covered in thick dust and sparking.,electricity department,High,0
Street lights not working near the dangerous bridge curve.,electricity department,High,0
Power outage in the milk chilling center risking all stock.,electricity department,High,0
Visible spark from the high-tension line during heavy wind.,electricity department,High,0
Transformer fuse box is hanging by a single screw on the pole.,electricity department,High,0
Phase-to-ground fault causing minor shocks from house walls.,electricity department,High,0
High tension line is touching the coconut tree in the garden.,electricity department,High,0
Electrical pole is blocking the entry to the village office.,electricity department,High,0
Main cable to the apartment block is heating up excessively.,electricity department,High,0
Voltage is so low that the water motor is humming not pumping.,electricity department,High,0
Electrical pole stay wire is rusted and might snap anytime.,electricity department,High,0
Power restored only in one phase of the three-phase system.,electricity department,High,0
Stay wire is loose and making the pole lean during storms.,electricity department,High,0
Electrical transformer is smoking and smelling of burning oil.,electricity department,High,0
High tension line is sagging over the public bus waiting shed.,electricity department,High,0
Visible arcing on the 11kV line during the rainy evening now.,electricity department,High,0
Electrical wire touching the metal roof of the nursery school.,electricity department,High,0
No power supply in the street lights near the hospital entry.,electricity department,High,0
Voltage drops significantly when the neighbor's motor starts.,electricity department,High,0
Street light in front of the house not working for a week.,electricity department,Medium,0
Frequent power cuts occurring every evening at peak time.,electricity department,Medium,0
Loud humming noise from the neighborhood transformer at night.,electricity department,Medium,0
Stay wire of the electrical pole is rusted and loose now.,electricity department,Medium,0
Power restored in the street but my house is still dark.,electricity department,Medium,0
Service wire rubbing against the branches of a mango tree.,electricity department,Medium,0
Electrical meter making a continuous clicking sound today.,electricity department,Medium,0
Digital meter display is fogged up and unreadable currently.,electricity department,Medium,0
Delay in restoring power after a scheduled maintenance work.,electricity department,Medium,0
Street light stays on during the afternoon wasting power.,electricity department,Medium,0
No street light in the dark alleyway near the village temple.,electricity department,Medium,0
Electricity meter glass is broken and water is entering.,electricity department,Medium,0
Service line wire passing through a large tree branch here.,electricity department,Medium,0
KSEB worker left the pole-top box open in the rainy weather.,electricity department,Medium,0
Stay wire is obstructing the entry to the village library.,electricity department,Medium,0
Frequent power trips during light rain in the Pampady area.,electricity department,Medium,0
Digital meter is not showing any reading or display today.,electricity department,Medium,0
Street light pole is rusted at the base and unstable now.,electricity department,Medium,0
Electrical fuse box in the market area is buzzing loudly.,electricity department,Medium,0
Stay wire of the pole is obstructing the public footpath path.,electricity department,Medium,0
Voltage fluctuation causing the LED bulbs to flicker tonight.,electricity department,Medium,0
Power restored but with extremely low voltage in Ward 4 area.,electricity department,Medium,0
Service line is passing too close to the first-floor balcony.,electricity department,Medium,0
KSEB technician demanded money for a free fuse replacement.,electricity department,Medium,0
Street light bracket is broken and hanging by the wire only.,electricity department,Medium,0
Electrical meter is running even when the main switch is off.,electricity department,Medium,0
No street light for the past month near the dark junction.,electricity department,Medium,0
Power outage in the village market during the busy hours now.,electricity department,Medium,0
Electrical meter display is cracked and unreadable currently.,electricity department,Medium,0
Stay wire is vibrating and making a whistling noise tonight.,electricity department,Medium,0
Voltage drops to 160V every evening during the peak hours.,electricity department,Medium,0
Request for the replacement of the damaged fuse box cover.,electricity department,Medium,0
Street light in the park is flickering and buzzing all night.,electricity department,Medium,0
Power outage in the primary school during a computer class.,electricity department,Medium,0
Transformer is vibrating very loudly and making a loud noise.,electricity department,Medium,0
Street light bracket is broken and light is facing upwards.,electricity department,Medium,0
Electrical meter is making a high-pitched sound constantly.,electricity department,Medium,0
Power outage only in the street light circuit tonight.,electricity department,Medium,0
Service wire is hanging too low over the pedestrian walkway.,electricity department,Medium,0
Street light stays off despite the dark cloudy weather today.,electricity department,Medium,0
Frequent burning of the service wire at the connection point.,electricity department,Medium,0
Power outage only in one phase of the domestic connection.,electricity department,Medium,0
Street light is glowing very dim compared to the others.,electricity department,Medium,0
Electrical fuse box cover is missing in the marketplace area.,electricity department,Medium,0
Power restored but the voltage is very unstable right now.,electricity department,Medium,0
Stay wire is obstructing the flow of water in the side drain.,electricity department,Medium,0
Service wire is touching the neighbor's property boundary.,electricity department,Medium,0
Street light pole is leaning over the highway traffic lane.,electricity department,Medium,0
Transformer bushings are covered in thick dust and soot.,electricity department,Medium,0
Electrical wire is vibrating and making noise in the wind.,electricity department,Medium,0
Request for shifting the electricity meter to the outer wall.,electricity department,Low,0
Incorrect electricity bill received; meter reading error.,electricity department,Low,0
Inquiry about KSEB's rooftop solar subsidy program details.,electricity department,Low,0
Request for a name change in the electricity connection record.,electricity department,Low,0
Complaint about the rude behavior of a KSEB meter reader.,electricity department,Low,0
Request for an itemized breakdown of the current month bill.,electricity department,Low,0
Inquiry about the "Filament Free Kerala" LED bulb scheme.,electricity department,Low,0
Request for a new meter box cover to replace the old wooden.,electricity department,Low,0
Complaint about receiving the bill after the due payment date.,electricity department,Low,0
Request for load reduction from 5kW to 3kW for the house.,electricity department,Low,0
Inquiry about the nearest KSEB section office location here.,electricity department,Low,0
Request for info on 'Akshaya Sree' energy saving program now.,electricity department,Low,0
Query on how to apply for a temporary power connection today.,electricity department,Low,0
Request for testing the three-phase meter for accuracy check.,electricity department,Low,0
Inquiry about the timeline for the new substation project.,electricity department,Low,0
Request for load extension from 3kW to 5kW for the shop.,electricity department,Low,0
Complaint about the KSEB office phone always being busy now.,electricity department,Low,0
Request for a separate meter for the tenant's room in house.,electricity department,Low,0
Inquiry about solar grid-tie connection inspection fee cost.,electricity department,Low,0
Request for information on KSEB's smart meter rollout plan.,electricity department,Low,0
Request for a copy of the previous month consumption report.,electricity department,Low,0
Inquiry about the bill payment through Akshaya Center portal.,electricity department,Low,0
Request for information on the new domestic electricity tariff.,electricity department,Low,0
Complaint about the delayed receipt of the security deposit.,electricity department,Low,0
Request for shifting the electrical pole for road widening.,electricity department,Low,0
Inquiry about the status of the connection application here.,electricity department,Low,0
Request for information on the green energy subsidy program.,electricity department,Low,0
Complaint about the behavior of the office clerk in KSEB.,electricity department,Low,0
Request for a new connection for the agricultural water pump.,electricity department,Low,0
Inquiry about the documents needed for an ownership transfer.,electricity department,Low,0
Request for the shifting of the electrical meter to the gate.,electricity department,Low,0
Inquiry about the 'Soura' rooftop solar project subsidies.,electricity department,Low,0
Request for information on the electrical safety awareness.,electricity department,Low,0
Complaint about the payment not being updated in the app.,electricity department,Low,0
Request for a brochure on the energy-efficient appliances.,electricity department,Low,0
Inquiry about the procedure for reporting a faulty street light.,electricity department,Low,0
Request for a new meter box installation for the apartment.,electricity department,Low,0
Inquiry about the latest electricity bill calculation method.,electricity department,Low,0
Request for a copy of the electrical connection agreement.,electricity department,Low,0
Complaint about the delayed response to a non-urgent query.,electricity department,Low,0
Request for information on the village street lighting plan.,electricity department,Low,0
Inquiry about the KSEB helpline number for billing issues.,electricity department,Low,0
Request for the pruning of tree branches over the power line.,electricity department,Low,0
Inquiry about the KSEB customer portal login procedure today.,electricity department,Low,0
Request for information on the solar grid-tie system rules.,electricity department,Low,0
Complaint about the KSEB office lacking a proper waiting area.,electricity department,Low,0
Request for a new consumer number identification card here.,electricity department,Low,0
Inquiry about the budget for the new transformer in the ward.,electricity department,Low,0
Request for a demonstration of the KSEB mobile application.,electricity department,Low,0
Inquiry about the recruitment of contract workers in KSEB.,electricity department,Low,0
Major pipe burst on NH 183 causing road flooding and jams.,water department,Emergency,8.8
Dead animal found inside the hilltop source reservoir tank.,water department,Emergency,9.8
Sewage backflow into the drinking water line near hospital.,water department,Emergency,10.0
Piped water smells strongly of sewage in the morning hours.,water department,Emergency,9.9
Main intake well in the river is clogged with plastic waste.,water department,Emergency,9.2
Sinking foundation of the twin-chambered tank at Thammanam.,water department,Emergency,9.7
Total water outage at the government hospital casualty unit.,water department,Emergency,10.0
Underground pipe burst causing road subsidence in Pampady.,water department,Emergency,8.9
Sinking foundation of the KWA reservoir wall near village.,water department,Emergency,9.4
Contamination of domestic well water after heavy monsoon rain.,water department,Emergency,8.5
Sewerage manhole is overflowing onto the public walkway area.,water department,Emergency,9.4
Discovery of toxic chemical odor in the piped water supply.,water department,Emergency,9.7
Major rupture in the main supply line crossing the river bed.,water department,Emergency,9.1
Water gushing out of an underground burst flooding the shops.,water department,Emergency,9.3
Total water outage in the local primary health center ward.,water department,Emergency,9.6
Sewage leak near the water intake well in the hill stream.,water department,Emergency,9.5
Discovery of high arsenic levels in the public water kiosk.,water department,Emergency,9.2
Piped water contains visible larvae and insects today morning.,water department,Emergency,9.4
Underground burst causing a massive sinkhole on the highway.,water department,Emergency,9.8
Main valve failure at the reservoir causing an acute crisis.,water department,Emergency,9.6
Main pipeline burst at the Vattukalam junction crossing.,water department,Emergency,8.7
Sewerage pipe blocked and leaking into the open street path.,water department,Emergency,9.1
Sinking of the ground near the KWA reservoir foundation wall.,water department,Emergency,9.3
Sewerage backflow in the ground floor apartment toilet area.,water department,Emergency,9.5
Underground pipe burst causing flooding of the shop basement.,water department,Emergency,9.2
Sinking of the wall near the water treatment plant unit tank.,water department,Emergency,9.1
Main supply pipe leaking near the electrical pole base area.,water department,Emergency,8.4
Sewerage line is leaking near the drinking well in backyard.,water department,Emergency,9.6
Pipeline burst in the forest area causing soil landslide.,water department,Emergency,9.5
Discovery of industrial chemicals in the village water tank.,water department,Emergency,9.8
Major leakage in the air release valve on the bridge span.,water department,Emergency,9.2
Water contamination after a sewage truck accident near source.,water department,Emergency,9.9
Collapse of the water storage tank sidewall at the pump house.,water department,Emergency,9.7
Sewage water entering the domestic water connection line.,water department,Emergency,10.0
Massive water leak causing structural damage to the library.,water department,Emergency,9.4
Underground burst near the railway track causing soil erosion.,water department,Emergency,9.3
Piped water has an oily film and smells of petroleum fuel.,water department,Emergency,9.2
Discovery of a dead cow in the open water distribution tank.,water department,Emergency,9.9
Water supply pipe passing through a filthy sewage drain ditch.,water department,Emergency,9.6
Septic waste leaking into the main distribution valve box.,water department,Emergency,9.5
Total loss of water pressure at the nursing home theater.,water department,Emergency,10.0
Discovery of high turbidity and silt in the intake well tank.,water department,Emergency,9.1
Underground burst flooding the electrical transformer room.,water department,Emergency,9.8
Discovery of bleach-like smell in water causing faintness.,water department,Emergency,9.7
Major rupture in the over-ground pipe on the highway bridge.,water department,Emergency,9.2
Sewage sludge found in the public water tap filtration unit.,water department,Emergency,9.4
Sinkhole formed on the road due to long-term hidden burst.,water department,Emergency,9.5
Discovery of rusted pipe debris in the domestic water supply.,water department,Emergency,9.1
Main supply line burst causing a massive mudslide in ward 3.,water department,Emergency,9.6
Total water outage in the whole village during the drought.,water department,Emergency,9.3
No water supply in the entire colony for the last 48 hours.,water department,High,0
Main supply line across the Meenachil river is leaking now.,water department,High,0
Pipeline damaged by PWD workers during road repairs today.,water department,High,0
Water shortage in the Scheduled Caste colony at Kothala area.,water department,High,0
Pumping motor failure at the local KWA pump house station.,water department,High,0
Water supply contains black particles from pipe corrosion.,water department,High,0
Unauthorized water tapping suspected at a commercial site.,water department,High,0
Major leak in the main distribution line causing flooding.,water department,High,0
Water supply smells strongly of chlorine and causes rashes.,water department,High,0
Broken pipeline near the railway track causing soil erosion.,water department,High,0
Piped water is turbid with visible silt today morning area.,water department,High,0
Turbidity levels are too high at the water treatment plant.,water department,High,0
Water scarcity in Ward 2 for the last five days straight.,water department,High,0
Leakage in the firefighting line at the industrial estate.,water department,High,0
Pipeline leaking near the electrical transformer foundation.,water department,High,0
Residents facing skin infections after using KWA water supply.,water department,High,0
Water supply is salty indicating saline ingress in wells now.,water department,High,0
Pipe burst in the middle of a newly tarred PWD road surface.,water department,High,0
Leakage at the water intake well in the river bed currently.,water department,High,0
Frequent pipe bursts in the old asbestos cement network area.,water department,High,0
Unauthorized connection in a new apartment block suspected.,water department,High,0
Water shortage at the government hospital kitchen today area.,water department,High,0
Broken fire hydrant near the market leaking water for hours.,water department,High,0
Water supply stopped due to motor failure at the pump house.,water department,High,0
Leakage at the main valve of the elevated storage tank here.,water department,High,0
Water supply has stopped completely in the colony since night.,water department,High,0
Sewerage leak smells terrible near the bus stand area today.,water department,High,0
Water supply has an oily residue on top after boiling it.,water department,High,0
Water pipe damaged during the telecom cable laying work now.,water department,High,0
Public tap handle is stolen and water is being wasted now.,water department,High,0
Sewerage backflow in the public toilet near the junction area.,water department,High,0
Water supply stopped because of the main valve malfunction.,water department,High,0
Sewerage manhole cover is missing on the dark village street.,water department,High,0
Incorrect billing showing 5000 units more than actual use.,water department,High,0
Main valve at the hilltop reservoir is stuck closed today.,water department,High,0
Water shortage in the high-altitude areas of the village now.,water department,High,0
Pipeline leaking near the foundation of the village office.,water department,High,0
Water supply pressure is too low for the heater to function.,water department,High,0
Supply stopped due to high turbidity at the intake well area.,water department,High,0
Sinking of the pipe support structure near the village canal.,water department,High,0
Request for water tanker as supply has been off for a week.,water department,High,0
Piped water contains a high concentration of iron particles.,water department,High,0
Sewerage line is choked and requires high-pressure jetting.,water department,High,0
Sewerage leak detected under the newly tarred PWD road path.,water department,High,0
Water supply stopped due to the landslide near the source.,water department,High,0
Underground leak causing a small sinkhole on the sidewalk.,water department,High,0
Residents facing breathing issues due to chlorine leak at plant.,water department,High,0
Main valve failure at the pump house causing supply stop.,water department,High,0
Water scarcity during the pilgrimage season at transit hubs.,water department,High,0
Broken pipeline near the highway bridge span joint today.,water department,High,0
Low water pressure in the high-altitude areas of Pampady.,water department,Medium,0
Minor leak in the distribution line near the Devi temple.,water department,Medium,0
Public tap handle is broken and leaking continuously here.,water department,Medium,0
Turbid water supply with visible silt after the light rain.,water department,Medium,0
Air locks in the pipeline preventing water from reaching roof.,water department,Medium,0
Water supply timing is irregular and not as per schedule.,water department,Medium,0
Request for water quality test for a domestic drinking well.,water department,Medium,0
Complaint about the erratic timings of the valve operator.,water department,Medium,0
Broken valve box cover causing a minor hazard to cyclists.,water department,Medium,0
Sluice valve chamber filled with garbage and needs cleaning.,water department,Medium,0
Public tap left running near the Kothala bus stop junction.,water department,Medium,0
Water shortage in the government high school kitchen pantry.,water department,Medium,0
Underground leak causing a small sinkhole on the side path.,water department,Medium,0
Water leaking from an air release valve on the highway side.,water department,Medium,0
Water tank overflow at the KWA office wasting resources now.,water department,Medium,0
Delay in restoring supply after a scheduled maintenance work.,water department,Medium,0
Water supply pipe is exposed and vibrating on the highway.,water department,Medium,0
Small leak at the joint of the main pipe on the NH 183 path.,water department,Medium,0
Water supply disrupted due to a strike by contract workers.,water department,Medium,0
Leakage at the air release valve near the bus stand corner.,water department,Medium,0
Water meter is installed in a location always submerged here.,water department,Medium,0
Request for periodic cleaning of the ward storage tanks now.,water department,Medium,0
Piped water has a strong metallic taste in the ward area.,water department,Medium,0
Visible leak from the underground pipeline near the school.,water department,Medium,0
Water supply contains fine sand that clogs the domestic taps.,water department,Medium,0
Visible leak in the pipe crossing the roadside drain ditch.,water department,Medium,0
Water leaking from the joint of the main distribution line.,water department,Medium,0
Water supply contains black soot-like particles today area.,water department,Medium,0
Water leaking from the hydrant near the Pampady market area.,water department,Medium,0
Piped water has a slightly brownish color in the ward today.,water department,Medium,0
Water pipe burst in the rubber forest area near Kothala side.,water department,Medium,0
Public tap water is used for washing commercial trucks now.,water department,Medium,0
Water supply has a strong earthy smell this morning currently.,water department,Medium,0
Water pressure is too high and causing pipe vibrations now.,water department,Medium,0
Water supply contains small white particles (possibly lime).,water department,Medium,0
Water pipe damaged by the roots of the large banyan tree.,water department,Medium,0
Water supply has been very erratic since the road work start.,water department,Medium,0
Water pressure is so high it is leaking from the joints now.,water department,Medium,0
Public tap water is dirty and smells of old metal currently.,water department,Medium,0
Water pipe burst near the church causing a large mud puddle.,water department,Medium,0
Public tap handle is stuck in the open position right now.,water department,Medium,0
Water supply is warm and smells slightly of sulfur currently.,water department,Medium,0
Continuous flow in the drain from a hidden pipe burst today.,water department,Medium,0
Water gushing from a faulty hydrant near the fire station.,water department,Medium,0
Water meter reader is irregular and doesn't visit monthly.,water department,Medium,0
Request for checking the water meter for a possible fault.,water department,Medium,0
Complaint about the behavior of the KWA office staff today.,water department,Medium,0
Water supply pressure is low during the morning peak hours.,water department,Medium,0
Visible leak from the valve box in the market center area.,water department,Medium,0
Water supply timing not being adhered to in the ward area.,water department,Medium,0
Request for a new water connection under Jal Jeevan Mission.,water department,Low,0
Water bill showing arrears that were already paid yesterday.,water department,Low,0
Inquiry about the current water tariff for domestic usage.,water department,Low,0
Request for a copy of the latest consumption report today.,water department,Low,0
Inquiry about the status of a pending connection application.,water department,Low,0
Request to shift the water meter to the compound wall area.,water department,Low,0
Complaint about receiving a water bill with a blurred print.,water department,Low,0
Request for BPL verification for water tariff concession.,water department,Low,0
Query regarding the timing of water supply in Ward 2 area.,water department,Low,0
Request for information on water-saving awareness programs.,water department,Low,0
Inquiry about the location of the KWA sub-division office.,water department,Low,0
Request for a copy of the latest water tariff chart today.,water department,Low,0
Complaint about the behavior of the KWA meter reader today.,water department,Low,0
Request for a public water kiosk at the village junction.,water department,Low,0
Inquiry about the "Aqualoom" portal login procedure currently.,water department,Low,0
Request for reconnection after paying long-standing arrears.,water department,Low,0
Query about the documents needed for ownership change today.,water department,Low,0
Request for information on the new solar pumping station.,water department,Low,0
Complaint about the KWA office phone being unanswered now.,water department,Low,0
Request for a water hydrant at the local village market.,water department,Low,0
Inquiry about the bill payment through Akshaya Center portal.,water department,Low,0
Request for a connection transfer to a new name currently.,water department,Low,0
Broken water meter box cover on the residential footpath area.,water department,Low,0
Request for a new sewerage connection for the apartment.,water department,Low,0
Incorrect consumer category mentioned in the water bill.,water department,Low,0
Request for shifting the water pipe from the private yard.,water department,Low,0
Request for info on the new JJM water tariff rates today.,water department,Low,0
Request for testing the water quality of the public kiosk.,water department,Low,0
Water bill showing arrears for the period I was away area.,water department,Low,0
Request for a new connection for the village library hall.,water department,Low,0
Water bill not delivered for the past three billing cycles.,water department,Low,0
Request for information on the status of my connection now.,water department,Low,0
Request for a BPL tariff concession for the senior citizen.,water department,Low,0
Request for shifting the meter to the outer boundary gate.,water department,Low,0
Water bill received is for a different consumer number now.,water department,Low,0
Request for information on the JJM scheme ward-wise today.,water department,Low,0
Water bill shows a previous balance which I have paid area.,water department,Low,0
Request for a new connection for the village temple hall.,water department,Low,0
Water bill contains a large fine for late payment error.,water department,Low,0
Request for a status update on the complaint filed yesterday.,water department,Low,0
Water bill received is unreadable due to poor printing today.,water department,Low,0
Request for information on the water saving awareness here.,water department,Low,0
Water bill shows arrears for the previous three years area.,water department,Low,0
Request for a new water connection for the govt office.,water department,Low,0
Water bill shows a different reading than my digital meter.,water department,Low,0
Request for a copy of the latest KWA citizen charter today.,water department,Low,0
Water bill payment portal is not working for two days now.,water department,Low,0
Request for information on the domestic rainwater harvesting.,water department,Low,0
Inquiry about the procedure for changing the tap location.,water department,Low,0
Query regarding the timeline for the new pipeline extension.,water department,Low,0
Cracks appearing on Kothala bridge piers after monsoon floods.,public works department,Emergency,9.5
Missing manhole cover on the footpath near the bus stand area.,public works department,Emergency,9.6
Road is impassable for emergency vehicles due to deep craters.,public works department,Emergency,9.7
Sinking of road pavement on the Oravackal-Kothala MDR path.,public works department,Emergency,9.2
Bridge vibrating excessively when heavy trucks pass over it.,public works department,Emergency,9.4
Road blocked by a landslide after heavy mountain rains today.,public works department,Emergency,9.9
Sinking of the road edge near the canal embankment wall area.,public works department,Emergency,9.3
Deep crater on the highway that can cause a fatal crash now.,public works department,Emergency,10.0
Road pavement sinking on one side near a steep ravine edge.,public works department,Emergency,9.5
Large sinkhole formed on the side of NH 183 near the clinic.,public works department,Emergency,9.8
Large rock fallen from the hill blocking half the road span.,public works department,Emergency,9.1
Dangerous road gap between new tarring and the bridge joint.,public works department,Emergency,9.4
Road shoulder has collapsed near a steep hill edge today.,public works department,Emergency,9.6
Large sinkhole has opened in the middle of MC Road junction.,public works department,Emergency,9.9
Bridge piers showing signs of scouring near the river bed.,public works department,Emergency,9.8
Retaining wall of the mountain road has collapsed tonight.,public works department,Emergency,9.7
NH 183 road surface completely washed away near the field.,public works department,Emergency,9.4
Discovery of deep structural cracks in the PWD office block.,public works department,Emergency,9.2
Road has a hidden sinkhole under the asphalt layer currently.,public works department,Emergency,9.5
Culvert wall has collapsed into the main drainage stream area.,public works department,Emergency,9.3
Dangerous road crack widening on the main village bridge span.,public works department,Emergency,9.7
Road pavement collapsed during the night near the hill turn.,public works department,Emergency,10.0
Discovery of a massive sinkhole under the railway crossing.,public works department,Emergency,9.9
Retaining wall of the hospital road is leaning dangerously.,public works department,Emergency,9.5
Bridge span showing signs of sagging under its own weight.,public works department,Emergency,9.8
Road blocked by a fallen tree and live electrical pole today.,public works department,Emergency,9.4
Dangerous road dip formed on the high-speed bypass stretch.,public works department,Emergency,9.3
Discovery of large voids under the newly tarred road surface.,public works department,Emergency,9.2
Culvert cover missing on the road used by the school bus.,public works department,Emergency,9.7
Road shoulder eroding into the deep gorge near the hairpin bend.,public works department,Emergency,9.6
Bridge railing collapsed on both sides making transit risky.,public works department,Emergency,9.5
Discovery of structural failure in the village office roof.,public works department,Emergency,9.1
Road surface completely submerged and washed out by the river.,public works department,Emergency,9.9
Dangerous road gap near the school gate after drainage work.,public works department,Emergency,9.4
Retaining wall collapse blocking the entry to the fire station.,public works department,Emergency,9.8
Discovery of deep fissures on the highway bridge span area.,public works department,Emergency,9.7
Road is sinking near the canal bridge piers foundation area.,public works department,Emergency,9.3
Discovery of a massive sinkhole in the residential lane center.,public works department,Emergency,9.5
Bridge piers shaking visibly during the heavy truck transit.,public works department,Emergency,9.6
Road shoulder collapse near the temple entry gate currently.,public works department,Emergency,9.2
Discovery of structural cracks in the historical village hall.,public works department,Emergency,9.1
Road is impassable due to a large landslide in the hilly part.,public works department,Emergency,10.0
Bridge span joint is separating making it unsafe for traffic.,public works department,Emergency,9.8
Retaining wall failure near the clinic entry path currently.,public works department,Emergency,9.5
Road pavement sliding into the river near the village ghat.,public works department,Emergency,9.9
Discovery of major corrosion in the bridge support beams.,public works department,Emergency,9.4
Dangerous road gap formed between the road and the culvert.,public works department,Emergency,9.3
Retaining wall of the cemetery collapsed during the heavy rain.,public works department,Emergency,9.2
Discovery of structural cracks in the primary school wall.,public works department,Emergency,9.1
Road shoulder collapsed near the bus stand waiting shed area.,public works department,Emergency,9.5
Deep pothole on the NH 183 causing frequent accidents today.,public works department,High,0
Road shoulder collapsed near the steep curve at Vattukalam.,public works department,High,0
Heavy waterlogging on MC Road at Caritas Junction today area.,public works department,High,0
Guardrail broken on the highway bridge over the stream bed.,public works department,High,0
Missing traffic signs at a blind curve near the temple area.,public works department,High,0
PWD road dug up by KWA and left unrestored for a month now.,public works department,High,0
Large crack across the width of the road near the bridge span.,public works department,High,0
Road surface completely washed away near the paddy field area.,public works department,High,0
Broken culvert cover is dangerous for pedestrians at night.,public works department,High,0
Sinking wall adjacent to the PWD road near the hill edge side.,public works department,High,0
Multiple potholes appearing after only one week of rain now.,public works department,High,0
Road surface peeling off within months of resurfacing work.,public works department,High,0
Dangerous leaning tree on the highway needs urgent removal.,public works department,High,0
Road is dusty because the final tarring is delayed for months.,public works department,High,0
Bridge railing is rusted and broken in several places today.,public works department,High,0
Dangerous road gap near the manhole cover on the footpath.,public works department,High,0
Drainage pipe under the road broken causing water leaks now.,public works department,High,0
Water is stagnant in the middle of the road after tarring.,public works department,High,0
Pavement tiles near the bus stop are broken and sharp edge.,public works department,High,0
Road is too narrow for two cars to pass at peak hours area.,public works department,High,0
Large crater on the dark stretch of the road is a trap now.,public works department,High,0
Road shoulder is eroding into the nearby paddy field today.,public works department,High,0
Large crack on the side wall of the culvert near the mosque.,public works department,High,0
Pothole is so deep that it damages the car suspension now.,public works department,High,0
Dangerous road curve near the temple lacks warning signs.,public works department,High,0
Pothole is filled with mud making it slippery for bikes today.,public works department,High,0
Road is sinking near the entry of the village market area.,public works department,High,0
Request for repair of the broken guardrail on the hill road.,public works department,High,0
Pothole appeared on the newly laid tarring within a month.,public works department,High,0
Pothole at the entry of the highway bridge is dangerous now.,public works department,High,0
Road surface is showing cracks due to heavy truck traffic.,public works department,High,0
Pothole on the dark stretch of the road near the cemetery.,public works department,High,0
Drainage blockage is causing the road to turn into a stream.,public works department,High,0
Request for removal of the dangerous leaning tree near NH.,public works department,High,0
Road shoulder is full of loose mud making it unstable now.,public works department,High,0
Pothole on the curve is causing vehicles to swerve today.,public works department,High,0
Request for repair of the broken culvert slab near the gate.,public works department,High,0
Road shoulder is much lower than the tarred surface currently.,public works department,High,0
Road is waterlogged after the drain was closed for bridge.,public works department,High,0
Multiple potholes appearing near the primary health center.,public works department,High,0
Road surface has large cracks near the railway crossing area.,public works department,High,0
Request for the repair of the broken guardrail on canal bridge.,public works department,High,0
Road is dug up for a sewer line and left open for a week now.,public works department,High,0
Drainage wall has collapsed into the road during the storm.,public works department,High,0
Road is too narrow for the school bus to turn safely tonight.,public works department,High,0
Pothole pockmarked stretch of MC road near the hospital today.,public works department,High,0
Road is muddy and impassable due to unfinished drainage work.,public works department,High,0
Road waterlogged because of the unauthorized blocking of drain.,public works department,High,0
Road shoulder has collapsed near the steep hill edge currently.,public works department,High,0
Discovery of structural cracks on the village bridge pillars.,public works department,High,0
Street lights not working on the main village road tonight.,public works department,Medium,0
Road surface is bumpy after a poor patchwork repair today.,public works department,Medium,0
Request for a new speed breaker near the school entrance.,public works department,Medium,0
Footpath encroached by a temporary shop in the market area.,public works department,Medium,0
Minor cracks appearing on the surface of the village road.,public works department,Medium,0
Sand and gravel accumulation on the curve causing skidding.,public works department,Medium,0
Request for a traffic mirror at the blind turn near the pond.,public works department,Medium,0
Silt accumulation in the roadside drain preventing runoff.,public works department,Medium,0
Request for the installation of reflectors on the road curve.,public works department,Medium,0
Missing street lighting for a stretch on the hill road path.,public works department,Medium,0
Potholes making the bus ride painful for senior citizens now.,public works department,Medium,0
Request for widening the turn near Kandam Bazar junction.,public works department,Medium,0
Faded zebra crossing markings near the primary school area.,public works department,Medium,0
Road waterlogged because of a blocked drain outlet today.,public works department,Medium,0
Uneven pavement tiles near the village office entrance hall.,public works department,Medium,0
Overhanging tree branches blocking the highway signs here.,public works department,Medium,0
Faded road markings at the main village junction currently.,public works department,Medium,0
Request for a safety railing on the steep slope path here.,public works department,Medium,0
Alligator cracking observed on the road surface today area.,public works department,Medium,0
Street lights stay on even during the bright afternoon today.,public works department,Medium,0
Road surface is showing signs of stripping after the rain.,public works department,Medium,0
Pavement tiles are uneven and loose near the village office.,public works department,Medium,0
Street lights missing for a 500-meter stretch on the hill.,public works department,Medium,0
Road surface is bumpy due to poor patch work by contractor.,public works department,Medium,0
Water is stagnant in the middle of the road after tarring it.,public works department,Medium,0
Request for a new footpath near the busy hospital entry gate.,public works department,Medium,0
Bridge expansion joints are making a loud noise when cars pass.,public works department,Medium,0
Pavement tiles near the bus stop are broken and dangerous.,public works department,Medium,0
Road surface is full of loose gravel from the repair work.,public works department,Medium,0
Road is waterlogged making it difficult for school kids path.,public works department,Medium,0
Road surface is uneven because of the poorly laid cable path.,public works department,Medium,0
Drainage overflow is entering the road surface near school.,public works department,Medium,0
Road is very narrow and causes traffic jams at peak hours.,public works department,Medium,0
Road surface is showing signs of raveling near the junction.,public works department,Medium,0
Waterlogging on the road is causing the pavement to fail now.,public works department,Medium,0
Road shoulder is full of loose mud making it unstable tonight.,public works department,Medium,0
Road surface is bumpy and needs immediate patchwork today.,public works department,Medium,0
Request for information on the street lighting maintenance.,public works department,Medium,0
Complaint about the vibration felt in houses near the bridge.,public works department,Medium,0
Road is waterlogged because the side drain is silted now.,public works department,Medium,0
Request for removal of old concrete ruins near the road path.,public works department,Medium,0
Request for cleaning the drainage pipes under the village road.,public works department,Medium,0
Request for tarring of the inner colony road in Ward 3 area.,public works department,Medium,0
Road used for a temporary market preventing traffic flow now.,public works department,Medium,0
Request for widening the culvert to prevent road flooding.,public works department,Medium,0
Street lights are flickering and buzzing in the ward area.,public works department,Medium,0
Request for status on the petition for the new waiting shed.,public works department,Medium,0
Road surface is uneven at the entry of the highway bridge.,public works department,Medium,0
Road waterlogged because of the zero slope in the tarring work.,public works department,Medium,0
Request for cleaning the overgrown grass on the road shoulder.,public works department,Medium,0
Request for a name board for Kothala village at entry gate.,public works department,Low,0
Inquiry about the status of the road maintenance contract.,public works department,Low,0
Request for removal of illegal posters from traffic signs.,public works department,Low,0
Request for cleaning overgrown weeds on the road shoulder.,public works department,Low,0
Query regarding the proposed highway widening at Kothala.,public works department,Low,0
Request for information on the new public garden plot area.,public works department,Low,0
Complaint about dust from the road making shops dirty today.,public works department,Low,0
Request for a passenger waiting shed near the village office.,public works department,Low,0
Inquiry about the timeline for the new bridge construction.,public works department,Low,0
Request for information on the "PWD4U" mobile application.,public works department,Low,0
Inquiry about the Right of Way permission for cable laying.,public works department,Low,0
Request for a NOC to establish a shop near the highway road.,public works department,Low,0
Inquiry about the PWD rest house booking procedure tonight.,public works department,Low,0
Request for painting the safety barriers on the highway span.,public works department,Low,0
Query on the rules for installing a village name board area.,public works department,Low,0
Request for cleaning the drainage vents on the bridge deck.,public works department,Low,0
Inquiry about the budget allocated for ward road repair area.,public works department,Low,0
Request for speed limit signs near the temple entrance gate.,public works department,Low,0
Query regarding the contractor license renewal process today.,public works department,Low,0
Request for information on the new bicycle lane project area.,public works department,Low,0
Inquiry about the PWD citizen charter for service timelines.,public works department,Low,0
Request for a list of ongoing road projects in the panchayat.,public works department,Low,0
Query about the compensation for land acquired for road work.,public works department,Low,0
Inquiry about the procedure for reporting an illegal road bump.,public works department,Low,0
Request for information on the road safety audit of the ward.,public works department,Low,0
Complaint about the lack of reflectors on the new village road.,public works department,Low,0
Inquiry about the timeline for filling the minor road cracks.,public works department,Low,0
Request for a copy of the road development plan for Kothala.,public works department,Low,0
Query regarding the ownership of the small path near the field.,public works department,Low,0
Request for more signage near the blind curve for safety now.,public works department,Low,0
Inquiry about the NOC for digging the road shoulder for pipes.,public works department,Low,0
Request for information on the maintenance wing contact info.,public works department,Low,0
Inquiry about the schedule for street light maintenance work.,public works department,Low,0
Request for a demo of the PWD4U app for the village elders.,public works department,Low,0
Query regarding the permit for constructing a shop ramp path.,public works department,Low,0
Inquiry about the budget for high-mast lighting in the square.,public works department,Low,0
Request for a meeting with the AEE regarding road drainage.,public works department,Low,0
Complaint about receiving a duplicate notice for encroachment.,public works department,Low,0
Request for a name board for the sub-road in the colony area.,public works department,Low,0
Inquiry about the Right of Way rules for fiber optic cable.,public works department,Low,0
Request for information on the solar street light scheme today.,public works department,Low,0
Query regarding the contractor's liability for road repairs.,public works department,Low,0
Inquiry about the PWD building fitness certificate process.,public works department,Low,0
Request for painting the zebra crossing near the school gate.,public works department,Low,0
Inquiry about the ward-wise road maintenance running contract.,public works department,Low,0
Request for a brochure on PWD's ongoing bridge projects here.,public works department,Low,0
Query regarding the permit for temporary road closure tonight.,public works department,Low,0
Inquiry about the contact number for the PWD road inspector.,public works department,Low,0
Request for information on the pothole reporting system rules.,public works department,Low,0
Query regarding the budget for the new footpath construction.,public works department,Low,0
House fire reported in Kothala area; people suspected inside.,fire department,Emergency,10.0
Person trapped in an 80-foot deep well near the village temple.,fire department,Emergency,10.0
Major accident on NH 183; passengers trapped in crushed car.,fire department,Emergency,9.9
LPG cylinder leak and smell in a high-rise apartment kitchen.,fire department,Emergency,9.8
Wild animal (leopard) spotted near a residential village home.,fire department,Emergency,9.5
Chemical spill from a tanker truck on the highway junction.,fire department,Emergency,9.7
Person missing and suspected drowned in the Meenachil river.,fire department,Emergency,10.0
Wall collapse at building site; workers buried in the debris.,fire department,Emergency,10.0
Person stuck in a borewell; specialized rescue team needed.,fire department,Emergency,10.0
Gas leak detected at the local petrol pump station tonight.,fire department,Emergency,9.8
Fire at a textile shop in the busy Pampady market area now.,fire department,Emergency,9.8
Child trapped in an elevator that has stopped between floors.,fire department,Emergency,9.1
Fire at an illegal firecracker storage unit in a private home.,fire department,Emergency,10.0
Large tree fell on a house during a storm; roof is collapsed.,fire department,Emergency,9.4
Smoke detected in the server room of a local village bank.,fire department,Emergency,9.2
Oil spill on the highway after a major vehicle collision tonight.,fire department,Emergency,9.3
Discovery of an unexploded firework near the school building.,fire department,Emergency,9.2
Gas leak from an LPG tanker after a minor highway accident.,fire department,Emergency,9.9
Rescue of a person who jumped into the village pond tonight.,fire department,Emergency,9.5
Short circuit causing a fire in the electrical substation yard.,fire department,Emergency,9.7
Person fallen into an open septic tank at the building site.,fire department,Emergency,9.7
Fire in a school lab during the afternoon science class today.,fire department,Emergency,9.4
Major road accident on NH 183 involving a large passenger bus.,fire department,Emergency,10.0
Gas leak from a commercial cylinder at the street food stall.,fire department,Emergency,9.6
Fire at a rubber sheet smoking unit; thick smoke is spreading.,fire department,Emergency,9.5
Rescue required for a worker trapped in a confined metal tank.,fire department,Emergency,9.9
Gas leak smell near the hospital's central oxygen supply unit.,fire department,Emergency,10.0
Rescue required for a person trapped in a collapsed trench.,fire department,Emergency,9.8
Rescue required for a person who jumped into the river today.,fire department,Emergency,9.5
Rescue required for a person trapped under a fallen brick wall.,fire department,Emergency,9.6
Fire at a local pharmacy; risk of toxic fumes from medicine.,fire department,Emergency,9.3
Fire at a local coconut oil mill; a massive smoke plume area.,fire department,Emergency,9.1
Wild animal attack reported; person injured in the forest zone.,fire department,Emergency,9.8
Major structural collapse of an old apartment building tonight.,fire department,Emergency,10.0
LPG tanker overturned on the highway; gas is leaking out now.,fire department,Emergency,10.0
Rescue required for a child trapped in a locked burning room.,fire department,Emergency,10.0
Fire in a chemical warehouse; explosion hazard is very high.,fire department,Emergency,9.9
Discovery of a person trapped inside a sunken vehicle today.,fire department,Emergency,9.8
Fire at a hospital ward; evacuation of patients needed now.,fire department,Emergency,10.0
Gas leak in the basement parking of a busy shopping complex.,fire department,Emergency,9.5
Rescue required for people trapped on a flooded island area.,fire department,Emergency,9.9
Fire at a high-tension electrical tower near the marketplace.,fire department,Emergency,9.4
Massive forest fire spreading towards the village residential.,fire department,Emergency,9.2
Discovery of a person buried under a landslide on the highway.,fire department,Emergency,10.0
Fire at a petrol station due to a short circuit at the pump.,fire department,Emergency,10.0
Rescue required for a person trapped in a deep industrial pit.,fire department,Emergency,9.7
Fire at a large textile factory; several workers are inside.,fire department,Emergency,9.9
Discovery of a toxic gas leak from a transport container now.,fire department,Emergency,9.6
Rescue required for a person whose hand is stuck in a machine.,fire department,Emergency,9.3
Fire at an old age home; elderly residents need rescue now.,fire department,Emergency,10.0
Forest fire spreading near the rubber plantations boundary.,fire department,High,0
Electrical fire at the NSS High School computer lab tonight.,fire department,High,0
Fire at a local bakery due to an oven malfunction currently.,fire department,High,0
Flooding in a residential basement; rescue is needed today.,fire department,High,0
Fire in a haystack near a cowshed; animals are at risk area.,fire department,High,0
Fire in an AC unit at a bank during busy office hours today.,fire department,High,0
Fallen tree blocking the main road to the hospital center.,fire department,High,0
Fire in a library; valuable historical records are at risk.,fire department,High,0
Fire in an empty school bus spreading to the nearby trees.,fire department,High,0
Rescue required for a cow stuck in a marshy pond area today.,fire department,High,0
Smoke coming out of a closed shop at midnight in the market.,fire department,High,0
Person trapped on a cliff after losing their way hiking now.,fire department,High,0
Fire at a rubber processing unit with thick black smoke area.,fire department,High,0
Rescue of a child whose hand is caught in a metal door area.,fire department,High,0
Fire at a chicken farm; many birds at immediate risk tonight.,fire department,High,0
Gas smell near the hospital's central oxygen supply unit area.,fire department,High,0
Structural collapse of an old bridge after a heavy monsoon.,fire department,High,0
Fire in a warehouse storing paints and thinners currently.,fire department,High,0
Rescue of a fisherman whose boat capsized in the river today.,fire department,High,0
Snake spotted inside the nursery school building ward area.,fire department,High,0
Short circuit and smoke from the electrical transformer area.,fire department,High,0
Smoke detected in the server room of the government office.,fire department,High,0
Oil spill on the highway after a vehicle collision tonight.,fire department,High,0
Fire in a haystack near the residential home in the ward.,fire department,High,0
Lightning strike caused a fire in the tall palm tree area.,fire department,High,0
Rescue of a child whose hand is stuck in a heavy metal gate.,fire department,High,0
Fire in a warehouse storing paints and thinners currently.,fire department,High,0
Smoke coming from a locked residential house in the lane.,fire department,High,0
Fire at a tailoring shop; a lot of fabric is burning area.,fire department,High,0
Fire in a generator room of the private bank branch tonight.,fire department,High,0
Fallen tree blocking the main entry to the health center.,fire department,High,0
Rescue of a person trapped in a lift at the shopping mall.,fire department,High,0
Smoke detected in the library storage area during the day.,fire department,High,0
Fire at a poultry farm; hundreds of birds at risk tonight.,fire department,High,0
Visible smoke coming from a closed shop at the Kandam Bazar.,fire department,High,0
Short circuit in the street light pole sparking onto house.,fire department,High,0
Rescue of a child whose hand is caught in a metal door path.,fire department,High,0
Smoke detected in the bus while moving on the highway span.,fire department,High,0
Fire at a mobile phone tower station after a lightning hit.,fire department,High,0
Fire at a waste dumping yard; smoke causing poor visibility.,fire department,High,0
Fire at a small electronics shop; batteries are popping now.,fire department,High,0
Fire at a haystack near the residential home in the ward.,fire department,High,0
Fire in an AC unit at the local government office tonight.,fire department,High,0
Visible smoke from the rooftop of a locked village house.,fire department,High,0
Fire at a tailoring shop; fabric waste is burning tonight.,fire department,High,0
Visible smoke from the ventilation of the shopping complex.,fire department,High,0
Gas leak detected at the domestic gas cylinder valve path.,fire department,High,0
Smoke detected in the attic of a residential building area.,fire department,High,0
Short circuit in the electrical pole near the temple gate.,fire department,High,0
Fire at a small paper storage unit; smoke is spreading now.,fire department,High,0
Snake found inside a bedroom in a house at Kothala village.,fire department,Medium,0
Stray dog fallen into a deep dry pit and cannot climb out.,fire department,Medium,0
Large beehive in a public park posing a threat to children.,fire department,Medium,0
Small grass fire near the railway station tracks currently.,fire department,Medium,0
Animal rescue: A monitor lizard entered a village kitchen.,fire department,Medium,0
Smoldering fire in a garbage dump near a residential area.,fire department,Medium,0
Bird trapped in high-tension electrical wires on the road.,fire department,Medium,0
Small fire in the engine compartment of a parked truck area.,fire department,Medium,0
Rescue of a kitten stuck on a high roof for two days now.,fire department,Medium,0
Large branch hanging dangerously over a busy village road.,fire department,Medium,0
Small fire in a temple lamps area; needs inspection today.,fire department,Medium,0
Rescue of an owl entangled in a kite string on a tree path.,fire department,Medium,0
Request for pumping out water from a flooded school ground.,fire department,Medium,0
Visible smoke from a ventilation shaft of a shopping mall.,fire department,Medium,0
Small oil leak from a tanker parked near the junction area.,fire department,Medium,0
Fire in a compost pit that is getting out of control now.,fire department,Medium,0
Rescue of a dog trapped in the middle of a flooded river.,fire department,Medium,0
Small amount of dry leaves are burning near the roadside.,fire department,Medium,0
Smoke detected in a school bus during the morning transit.,fire department,Medium,0
Rescue of a monkey trapped inside a residential balcony area.,fire department,Medium,0
Small fire in a trash bin at the Pampady bus stand center.,fire department,Medium,0
Rescue of a cow that has fallen into a deep agric trench.,fire department,Medium,0
Rescue of an elderly person who has fallen in the bathroom.,fire department,Medium,0
Smoke observed coming from the parked car in the lot area.,fire department,Medium,0
Small fire in a heap of dry leaves near the rubber plant.,fire department,Medium,0
Small fire in an electrical junction box in the market.,fire department,Medium,0
Fallen tree branch hanging dangerously over the highway.,fire department,Medium,0
Small oil leak from the tanker parked near the junction.,fire department,Medium,0
Small fire in a car's dashboard after a short circuit today.,fire department,Medium,0
Fallen tree blocking the pathway to the primary school gate.,fire department,Medium,0
Small fire in a garbage bin near the village park area today.,fire department,Medium,0
Rescue required for a person whose leg is stuck in a drain.,fire department,Medium,0
Fire at a small flower shop in the market area currently.,fire department,Medium,0
Rescue of a child trapped inside a locked bedroom tonight.,fire department,Medium,0
Fire in a parked scooter in the crowded market parking area.,fire department,Medium,0
Smoke detected in the kitchen exhaust of the restaurant.,fire department,Medium,0
Small fire in an electrical meter box in the lane tonight.,fire department,Medium,0
Rescue of an animal that has fallen into a dry open well.,fire department,Medium,0
Visible smoke from a dumpster near the petrol station area.,fire department,Medium,0
Rescue required for a kitten stuck in a deep drainage pipe.,fire department,Medium,0
Large beehive in the classroom of the primary school area.,fire department,Medium,0
Small oil spill on the highway curve near the junction path.,fire department,Medium,0
Small grass fire spreading towards the forest boundary area.,fire department,Medium,0
Fire in a parked truck's engine compartment on the highway.,fire department,Medium,0
Rescue of a person from the roof after the stairs broke down.,fire department,Medium,0
Large beehive near the main entrance of the village temple.,fire department,Medium,0
Rescue of an animal stuck in the middle of a muddy field.,fire department,Medium,0
Fire at a local fish market stall at night in the ward.,fire department,Medium,0
Rescue of a person whose foot is stuck in a bike wheel area.,fire department,Medium,0
Small fire in a heap of plastic waste near the school path.,fire department,Medium,0
Request for fire safety training for village volunteers.,fire department,Low,0
Request for fire NOC for a newly built commercial complex.,fire department,Low,0
Inquiry about the procedure for obtaining an explosive license.,fire department,Low,0
Request for a fire officer to inspect a new festival stage.,fire department,Low,0
Inquiry about the fire safety audit of a nursing home today.,fire department,Low,0
Request for information on disaster relief volunteer groups.,fire department,Low,0
Request for a standby fire tender for a local temple fair.,fire department,Low,0
Complaint about a blocked fire exit in a local auditorium.,fire department,Low,0
Request for a demo on using fire extinguishers at school.,fire department,Low,0
Query regarding the nearest fire station location currently.,fire department,Low,0
Inquiry about the fire safety guidelines for rural homes.,fire department,Low,0
Request for training for school kids on fire prevention.,fire department,Low,0
Query on the fees for standby fire department services.,fire department,Low,0
Request for information on disaster management SOPs tonight.,fire department,Low,0
Complaint about a neighbor's dangerous firework storage.,fire department,Low,0
Request for a safety certificate for a new apartment block.,fire department,Low,0
Inquiry about the recruitment of fire department volunteers.,fire department,Low,0
Request for an awareness class on LPG cylinder safety tonight.,fire department,Low,0
Query on how to report a non-emergency rescue incident today.,fire department,Low,0
Request for a demo on first-aid for burn victims at the hall.,fire department,Low,0
Inquiry about the types of fire extinguishers for home use.,fire department,Low,0
Request for information on the Civil Defence volunteer unit.,fire department,Low,0
Inquiry about the fire NOC renewal process for the shop.,fire department,Low,0
Request for a site visit by a fire officer for safety check.,fire department,Low,0
Complaint about the delayed receipt of a fire safety report.,fire department,Low,0
Inquiry about the training schedule for the local homeguards.,fire department,Low,0
Request for a brochure on kitchen fire safety for residents.,fire department,Low,0
Query about the use of fire hydrants in the village market.,fire department,Low,0
Request for a first-aid training session for ward members.,fire department,Low,0
Inquiry about the fire department's role in flood relief.,fire department,Low,0
Request for information on the 'Filament Free' bulb disposal.,fire department,Low,0
Complaint about the narrow road obstructing the fire engine.,fire department,Low,0
Inquiry about the fire safety standards for village fairs.,fire department,Low,0
Request for a demo on rescue knots for village volunteers.,fire department,Low,0
Inquiry about the contact number for the fire station officer.,fire department,Low,0
Request for a map showing the fire hydrant locations in ward.,fire department,Low,0
Query regarding the penalty for a false fire alarm call today.,fire department,Low,0
Inquiry about the fire safety audit for the local bank branch.,fire department,Low,0
Request for a guide on wildfire prevention in the plantation.,fire department,Low,0
Inquiry about the fire department's emergency response time.,fire department,Low,0
Request for a training session on using a fire blanket today.,fire department,Low,0
Query about the documents needed for an explosive license.,fire department,Low,0
Inquiry about the standby duty charges for a VVIP visit now.,fire department,Low,0
Request for information on the 'Safety First' awareness camp.,fire department,Low,0
Complaint about the lack of fire extinguishers in the hall.,fire department,Low,0
Inquiry about the fire safety rules for temporary sheds today.,fire department,Low,0
Request for a copy of the fire incident report for the insurance.,fire department,Low,0
Query regarding the recruitment of women in the fire service.,fire department,Low,0
Inquiry about the fire department's monsoon preparedness plan.,fire department,Low,0
Request for a demonstration of the rescue stretcher today.,fire department,Low,0